User Input,Chatbot Response,Timestamp
hello,Hi there,2024-09-10 01:21:51
how are you ,My purpose is to assist you,2024-09-10 01:21:57
weather ,"I'm sorry, I cannot provide real-time weather information.",2024-09-10 01:22:20
How do I create a budget,"To make a budget, start by tracking your income and expenses. Then, allocate your income towards essential expenses like rent, food, and bills. Next, allocate some of your income towards savings and debt repayment. Finally, allocate the remainder of your income towards discretionary expenses like entertainment and hobbies.",2024-09-10 01:22:30
Today is a nice weather,"I'm sorry, I cannot provide real-time weather information.",2024-10-03 08:29:52
How's the weather today,"I'm sorry, I cannot provide real-time weather information.",2024-10-03 08:30:47
Hi,Hello,2024-10-03 08:30:56
hi,Hi there,2024-12-20 19:47:35
Hey ,Nothing much,2024-12-20 19:48:11
I want to make a budget?,"Gardening tips include choosing the right plants for your climate, watering properly, and using organic fertilizers.",2024-12-20 19:49:07
hi,Hi there,2024-12-20 19:51:35
hi,Hello,2024-12-20 19:52:01
Help me in designing a budget,"Sure, what do you need help with?",2024-12-20 19:52:13
Reccomend me a song,"As an AI, I don't watch movies, but I can suggest some popular ones like The Shawshank Redemption, Inception, or The Godfather.",2024-12-20 19:56:18
which is your favourite song?,"As an AI, I don't have personal preferences, but there are countless amazing books in various genres. Some popular ones include Harry Potter, To Kill a Mockingbird, and 1984.",2024-12-20 21:23:41
Hey ,Hey,2024-12-20 22:08:47
